username,bookId,title,ref,returnDate
nji,ddd1_1,the hunger games,cder123,01-05-2024
nji,ddd1_1,the hunger,cder123,01-05-2024
ni,ddd1_1,the hunger games,cder123,01-05-2024
nji,ddd1_1,the hunger games,cder123,01-05-2024
nji,ddd1_1,the hunger,cder123,01-05-2024
ni,ddd1_1,the hunger games,cder123,01-05-2024
nji,ddd1_1,the hunger games,cder123,01-05-2024
nji,ddd1_1,the hunger,cder123,01-05-2024
ni,ddd1_1,the hunger games,cder123,01-05-2024
nji,ddd1_1,the hunger games,cder123,01-05-2024
nji,ddd1_1,the hunger,cder123,01-05-2024
ni,ddd1_1,the hunger games,cder123,01-05-2024
nji,ddd1_1,the hunger games,cder123,01-05-2024
nji,ddd1_1,the hunger,cder123,01-05-2024
ni,ddd1_1,the hunger games,cder123,01-05-2024
nji,ddd1_1,the hunger games,cder123,01-05-2024
nji,ddd1_1,the hunger,cder123,01-05-2024
ni,ddd1_1,the hunger games,cder123,01-05-2024
nji,ddd1_1,the hunger games,cder123,01-05-2024
nji,ddd1_1,the hunger,cder123,01-05-2024
ni,ddd1_1,the hunger games,cder123,01-05-2024
nji,ddd1_1,the hunger games,cder123,01-05-2024
nji,ddd1_1,the hunger,cder123,01-05-2024
ni,ddd1_1,the hunger games,cder123,01-05-2024
